City_ID,City,Lat,Lng,Max Temp,Humidity,Cloudiness,Wind Speed,Country,Date
0,margaret river,-33.95,115.0667,18.53,91,76,2.22,AU,1736703449
1,grytviken,-54.2811,-36.5092,8.19,64,81,7.32,GS,1736703450
2,isafjordur,66.0755,-23.124,3.02,93,100,1.54,IS,1736703451
3,shimoda,34.6667,138.95,5.47,71,100,3.34,JP,1736703452
4,ilulissat,69.2167,-51.1,-31.55,98,83,2.91,GL,1736703453
5,la passe,45.5549,-0.8967,3.13,77,25,4.86,FR,1736703455
6,aasiaat,68.7098,-52.8699,-24.35,99,100,1.38,GL,1736703456
7,lewistown,40.5992,-77.5714,0.66,85,0,3.09,US,1736703269
8,mount gambier,-37.8333,140.7667,14.06,99,40,1.8,AU,1736703459
9,tazovsky,67.4667,78.7,-14.15,86,100,6.43,RU,1736703460
10,sisak,45.4661,16.3783,0.89,72,15,4.29,HR,1736703461
11,laguna de perlas,12.3429,-83.6712,27.62,75,86,3.95,NI,1736703462
12,bethel,41.3712,-73.414,2.91,59,0,4.12,US,1736703463
13,edinburgh of the seven seas,-37.0676,-12.3116,18.5,95,100,8.94,SH,1736703464
14,aykhal,66.0,111.5,-34.38,100,93,2.9,RU,1736703465
15,hinton,53.4001,-117.5857,-5.55,85,72,3.12,CA,1736703466
16,constantia,44.1833,28.65,1.38,74,100,3.96,RO,1736703468
17,chibougamau,49.9168,-74.3659,-11.21,92,100,2.57,CA,1736703239
18,ushuaia,-54.8,-68.3,8.81,81,100,17.49,AR,1736703470
19,papatowai,-46.5619,169.4708,9.06,88,81,3.29,NZ,1736703471
20,adamstown,-25.066,-130.1015,24.55,81,1,4.33,PN,1736703472
21,okha,53.5739,142.9478,-24.88,100,87,2.26,RU,1736703473
22,borger,52.9233,6.7931,0.4,88,6,1.66,NL,1736703474
23,mongo,12.1844,18.693,25.24,19,4,2.88,TD,1736703475
24,port-aux-francais,-49.35,70.2167,6.72,94,100,21.37,TF,1736703477
25,keflavik,64.0049,-22.5624,5.24,100,100,3.09,IS,1736703478
26,tonkino,57.3726,46.4629,0.09,99,100,2.07,RU,1736703479
27,ancud,-41.8697,-73.8203,15.64,78,80,5.54,CL,1736703434
28,enewetak,11.3474,162.3373,27.45,78,25,10.61,MH,1736703481
29,fort st. john,56.2499,-120.8529,-1.06,69,75,3.09,CA,1736703482
30,codrington,-38.2667,141.9667,15.5,97,72,2.16,AU,1736703483
31,georgetown,5.4112,100.3354,23.94,77,20,5.36,MY,1736703325
32,ivdel',60.6911,60.4206,-2.45,87,96,2.06,RU,1736703485
33,albany,42.6001,-73.9662,1.02,64,28,1.34,US,1736703487
34,lincheng,19.9078,109.6858,12.37,64,34,3.2,CN,1736703488
35,bilibino,68.0546,166.4372,-27.67,98,100,1.55,RU,1736703489
36,arish,31.1316,33.7984,16.1,77,0,3.6,EG,1736703490
37,punta arenas,-53.15,-70.9167,12.06,62,75,21.09,CL,1736703491
38,ribeira grande,38.5167,-28.7,19.22,88,75,6.17,PT,1736703492
39,puerto natales,-51.7236,-72.4875,10.25,66,75,10.8,CL,1736703494
40,urengoy,65.9667,78.3667,-15.13,89,100,6.49,RU,1736703495
41,kodiak,57.79,-152.4072,6.73,81,100,10.8,US,1736703496
42,vorgashor,67.5833,63.95,-9.91,95,100,4.38,RU,1736703497
43,port mathurin,-19.6833,63.4167,25.93,79,9,7.56,MU,1736703498
44,saint-joseph,-21.3667,55.6167,27.21,78,40,2.58,RE,1736703499
45,formosa do rio preto,-11.0483,-45.1931,26.02,87,100,3.42,BR,1736703500
46,guarapari,-20.6667,-40.4975,25.61,74,17,3.75,BR,1736703501
47,newman,37.3138,-121.0208,8.35,58,0,2.24,US,1736703349
48,piti village,13.4626,144.6933,26.84,81,100,5.14,GU,1736703282
49,utrik,11.2278,169.8474,26.34,77,13,10.3,MH,1736703505
50,new norfolk,-42.7826,147.0587,17.62,99,79,0.34,AU,1736703506
51,priargunsk,50.3691,119.1012,-23.53,100,100,0.68,RU,1736703507
52,opuwo,-18.0607,13.84,28.74,28,73,5.94,NA,1736703508
53,port alberni,49.2413,-124.8028,2.11,88,85,1.34,CA,1736703289
54,northam,51.0333,-4.2167,6.0,80,93,0.89,GB,1736703511
55,blackmans bay,-43.0167,147.3167,15.76,95,77,0.45,AU,1736703512
56,palmer,42.1584,-72.3287,2.94,53,0,2.06,US,1736703372
57,puerto ayora,-0.7393,-90.3518,25.31,96,57,1.34,EC,1736703514
58,hawaiian paradise park,19.5933,-154.9731,18.79,99,75,3.09,US,1736703515
59,kill devil hills,36.0307,-75.676,3.25,61,0,4.63,US,1736703516
60,ulsteinvik,62.3432,5.8487,3.5,75,88,6.41,NO,1736703518
61,yellowknife,62.456,-114.3525,-18.71,95,100,7.6,CA,1736703519
62,mossel bay,-34.1831,22.146,16.96,80,100,8.92,ZA,1736703520
63,plastun,44.7561,136.2939,-12.83,80,6,2.93,RU,1736703521
64,chanderi,24.7167,78.1333,12.58,61,0,1.91,IN,1736703522
65,waitangi,-43.9535,-176.5597,11.01,99,100,2.68,NZ,1736703524
66,luderitz,-26.6481,15.1594,20.82,66,0,12.15,NA,1736703525
67,isiklar,36.9942,40.1264,8.81,69,7,2.71,TR,1736703526
68,petropavlovsk-kamchatsky,53.0452,158.6483,-15.67,43,0,3.0,RU,1736703527
69,praia da vitoria,38.7333,-27.0667,20.14,73,20,4.76,PT,1736703529
70,lebu,-37.6167,-73.65,19.42,68,4,7.07,CL,1736703530
71,yantzaza,-3.8278,-78.7594,27.91,65,88,1.53,EC,1736703531
72,tommot,58.9564,126.2925,-23.22,99,100,0.48,RU,1736703532
73,mandan,46.8267,-100.8896,-16.47,72,0,7.72,US,1736703172
74,geraldton,-28.7667,114.6,19.23,82,20,4.12,AU,1736703534
75,mejit,10.2753,170.8646,26.7,80,18,9.81,MH,1736703535
76,carutapera,-1.195,-46.02,26.85,90,35,3.34,BR,1736703537
77,roma,43.2128,-75.4557,-0.31,83,100,0.89,US,1736703538
78,trebinje,42.7119,18.3442,7.2,23,0,12.35,BA,1736703540
79,ventspils,57.3894,21.5606,-0.04,59,0,6.17,LV,1736703541
80,sao joao da barra,-21.6403,-41.0511,27.05,76,45,6.25,BR,1736703542
81,santiago de cuba,20.0247,-75.8219,29.06,58,20,3.09,CU,1736703544
82,tutoia,-2.7619,-42.2744,28.74,70,47,4.05,BR,1736703545
83,wailua homesteads,22.0669,-159.378,22.44,73,40,7.72,US,1736703546
84,kalmunai,7.4167,81.8167,25.3,85,79,3.15,LK,1736703547
85,ciudad sabinas hidalgo,26.5,-100.1667,17.82,35,100,4.48,MX,1736703548
86,badger,64.8,-147.5333,4.85,59,0,7.72,US,1736703549
87,papao,-17.75,-149.55,25.82,83,100,11.26,PF,1736703550
88,tofol,5.3248,163.0078,28.39,71,96,9.9,FM,1736703551
89,ust-nera,64.5667,143.2,-36.96,99,94,1.93,RU,1736703553
90,west island,-12.1568,96.8225,26.99,78,20,3.6,CC,1736703554
91,saldanha,-33.0117,17.9442,22.03,79,27,10.85,ZA,1736703555
92,iqaluit,63.7506,-68.5145,-17.95,77,20,2.06,CA,1736703469
93,loch garman,52.3342,-6.4575,10.5,100,99,5.36,IE,1736703558
94,holualoa,19.6228,-155.9522,17.53,82,0,2.06,US,1736703362
95,rehoboth,-23.3167,17.0833,30.52,15,39,9.42,NA,1736703560
96,taulaga,-11.0553,-171.0883,27.1,82,100,6.26,AS,1736703561
97,san luis de la loma,17.2706,-100.8939,25.44,70,100,2.23,MX,1736703562
98,el ocotito,17.25,-99.5667,21.64,81,100,2.36,MX,1736703563
99,jamestown,42.097,-79.2353,-1.52,82,100,4.12,US,1736703564
100,tapes,-30.6733,-51.3958,25.26,51,42,4.48,BR,1736703565
101,ghadamis,30.1337,9.5007,13.97,42,6,4.05,LY,1736703567
102,san jose del guaviare,2.5729,-72.6459,33.18,36,93,3.12,CO,1736703568
103,college,64.8569,-147.8028,4.1,64,100,7.72,US,1736703569
104,tsetserleg,47.475,101.4542,-16.06,67,18,3.2,MN,1736703570
105,trinidad,-14.8333,-64.9,25.99,94,75,2.57,BO,1736703571
106,st. john's,47.5649,-52.7093,-0.04,85,75,7.15,CA,1736703292
107,bayanhongor,46.7167,100.1167,-28.67,88,43,1.33,MN,1736703573
108,colonia menno,-22.3667,-59.8167,40.04,15,23,4.6,PY,1736703574
109,kharan,28.5833,65.4167,13.76,26,100,2.59,PK,1736703575
110,stanley,54.868,-1.6985,0.17,95,0,2.06,GB,1736703577
111,mananjary,-21.2167,48.3333,26.77,79,99,3.66,MG,1736703578
112,hamilton,39.1834,-84.5333,1.97,72,0,5.14,US,1736702831
113,winnemucca,40.973,-117.7357,-4.97,74,75,0.0,US,1736703580
114,avarua,-21.2078,-159.775,24.03,83,20,2.57,CK,1736703581
115,tchintabaraden,15.8969,5.7985,22.51,14,97,4.96,NE,1736703582
116,cill airne,52.05,-9.5167,13.03,88,40,8.75,IE,1736703583
117,port blair,11.6667,92.75,26.07,73,44,6.15,IN,1736703407
118,hadibu,12.65,54.0333,23.17,65,50,5.22,YE,1736703586
119,hermanus,-34.4187,19.2345,18.78,70,100,7.9,ZA,1736703587
120,pionerskiy,54.9508,20.2275,0.91,74,99,11.86,RU,1736703588
121,zilair,52.2332,57.4392,-14.16,85,43,2.03,RU,1736703590
122,navapolatsk,55.5363,28.6424,-2.87,91,100,0.74,BY,1736703591
123,kaga bandoro,6.9896,19.1874,28.28,18,3,1.9,CF,1736703592
124,aroma,15.8167,36.1333,23.69,49,9,8.48,SD,1736703593
125,iskateley,67.6803,53.1512,-11.5,85,27,6.72,RU,1736703594
126,uliastay,47.7417,96.8444,-19.46,92,100,1.97,MN,1736703595
127,rongelap,11.1635,166.8941,26.89,70,84,10.6,MH,1736703596
128,port saint john's,-31.6229,29.5448,21.79,91,99,5.41,ZA,1736703597
129,olonkinbyen,70.9221,-8.7187,-1.72,99,100,6.44,SJ,1736703599
130,mata-utu,-13.2816,-176.1745,27.52,73,79,3.82,WF,1736703600
131,guisa,20.255,-76.5386,28.83,52,1,2.55,CU,1736703601
132,salalah,17.0151,54.0924,24.05,57,20,1.03,OM,1736703602
133,tsiombe,-25.3,45.4833,27.22,74,0,2.24,MG,1736703604
134,tiksi,71.6872,128.8694,-33.15,100,97,0.54,RU,1736703605
135,tabuk,17.4189,121.4443,19.63,88,100,2.77,PH,1736703606
136,mucumpiz,8.4167,-71.1333,22.77,32,30,3.16,VE,1736703458
137,perth,-31.9333,115.8333,21.64,88,75,4.12,AU,1736703314
138,afaahiti,-17.75,-149.2833,25.77,81,100,10.39,PF,1736703609
139,yilan,24.757,121.753,8.42,68,2,1.83,TW,1736703610
140,lagoa,39.05,-27.9833,16.97,80,98,2.89,PT,1736703612
141,port elizabeth,-33.918,25.5701,19.06,75,100,4.12,ZA,1736703330
142,long beach,33.767,-118.1892,16.6,24,0,6.17,US,1736703614
143,sumberpucung,-8.1586,112.4829,22.48,96,100,1.42,ID,1736703615
144,lihue,21.9789,-159.3672,22.77,73,40,7.72,US,1736703616
145,uturoa,-16.7333,-151.4333,27.75,78,100,10.05,PF,1736703617
146,port alfred,-33.5906,26.891,19.54,82,100,1.34,ZA,1736703618
147,velyka dymerka,50.5918,30.9011,0.97,90,97,1.94,UA,1736703619
148,peniche,39.3558,-9.3811,15.51,86,92,5.69,PT,1736703620
149,toliara,-23.35,43.6667,28.65,82,1,3.47,MG,1736703622
150,hjo,58.3013,14.2878,-6.66,91,71,2.03,SE,1736703623
151,arteche,12.2645,125.4048,25.47,92,100,5.44,PH,1736703624
152,ciutadella,40.0011,3.8414,8.92,66,52,8.49,ES,1736703625
153,barra de santo antonio,-9.4047,-35.5072,24.67,86,100,3.93,BR,1736703626
154,kargasok,59.0556,80.8572,-23.42,100,78,1.73,RU,1736703627
155,fortuna,40.5982,-124.1573,2.51,100,100,2.06,US,1736703629
156,lompoc,34.6391,-120.4579,12.44,60,0,4.12,US,1736703125
157,canutama,-6.5339,-64.3831,30.3,65,100,1.6,BR,1736703631
158,ski,59.7195,10.8358,-13.45,93,12,1.31,NO,1736703632
159,aylsham,52.7951,1.2518,2.8,86,75,1.54,GB,1736703633
160,viedma,-40.8135,-62.9967,39.68,14,50,9.27,AR,1736703418
161,longyearbyen,78.2186,15.6401,-9.09,62,20,10.29,SJ,1736703636
162,lorengau,-2.0226,147.2712,27.77,80,86,3.9,PG,1736703637
163,kingston,17.997,-76.7936,30.53,66,75,7.2,JM,1736703384
164,slavyanka,42.8633,131.3847,-8.22,55,3,1.76,RU,1736703640
165,la'ie,21.6477,-157.9253,22.81,83,7,1.34,US,1736703642
166,aripuana,-9.1667,-60.6333,32.19,59,71,1.55,BR,1736703643
167,port augusta,-32.5,137.7667,24.24,47,2,2.13,AU,1736703644
168,kuala terengganu,5.3302,103.1408,26.97,69,40,6.26,MY,1736703646
169,jiuquan,39.7432,98.5174,-7.63,57,17,1.61,CN,1736703647
170,yuzhno-kurilsk,44.0306,145.8556,-4.94,78,60,1.51,RU,1736703648
171,kourou,5.1552,-52.6478,28.71,63,82,3.99,GF,1736703649
172,ketchikan,55.3422,-131.6461,4.65,95,100,2.06,US,1736703650
173,odda,60.0691,6.5457,-7.09,98,63,2.26,NO,1736703651
174,klyuchi,52.2667,79.1667,-17.39,100,83,1.35,RU,1736703653
175,ajdabiya,30.7554,20.2263,16.91,36,0,4.84,LY,1736703654
176,vorkuta,67.5,64.0,-10.1,96,100,3.99,RU,1736703655
177,ciudad bolivar,8.1222,-63.5497,34.16,38,70,5.37,VE,1736703656
178,tamandare,-8.7597,-35.1047,25.1,84,100,2.31,BR,1736703657
179,invercargill,-46.4,168.35,6.68,93,79,0.45,NZ,1736703658
180,aitape,-3.1374,142.3475,25.31,90,100,1.61,PG,1736703660
181,mili,6.0815,171.735,27.62,77,39,10.24,MH,1736703661
182,dudinka,69.4058,86.1778,-23.02,95,100,7.84,RU,1736703662
183,atafu village,-8.5421,-172.5159,28.21,74,97,7.96,TK,1736703663
184,maintirano,-18.0667,44.0167,28.2,73,99,4.42,MG,1736703665
185,polyarnyy,69.1989,33.4478,-7.56,82,93,9.35,RU,1736703666
186,midvagur,62.0511,-7.1939,8.46,93,100,11.83,FO,1736703667
187,banamba,13.55,-7.45,25.08,16,98,3.07,ML,1736703668
188,cooma,-36.2333,149.1333,12.1,95,95,1.36,AU,1736703669
189,mugia,43.1041,-9.2179,12.73,78,83,5.74,ES,1736703670
190,bijar,35.8668,47.6051,-1.68,79,42,3.08,IR,1736703671
191,pisco,-13.7,-76.2167,22.03,78,0,4.63,PE,1736703672
192,brandon,27.9378,-82.2859,14.64,57,0,1.79,US,1736703396
193,la ronge,55.1001,-105.2842,-25.86,70,0,3.09,CA,1736703675
194,longquan,24.6719,102.1613,5.58,91,10,1.7,CN,1736703676
195,nadi,-17.8,177.4167,21.0,83,20,2.57,FJ,1736703677
196,port douglas,-16.4833,145.4667,27.0,76,75,1.38,AU,1736703678
197,bandarbeyla,9.4942,50.8122,23.25,66,7,7.2,SO,1736703679
198,port lincoln,-34.7333,135.8667,18.4,85,23,3.83,AU,1736703681
199,istgah-e rah ahan-e garmsar,35.2346,52.3094,9.28,45,100,1.67,IR,1736703682
200,redencao,-4.2258,-38.7306,31.93,48,71,4.2,BR,1736703683
201,ambon,-3.6954,128.1814,26.6,95,40,1.54,ID,1736703684
202,naze,28.3667,129.4833,10.51,48,96,7.1,JP,1736703685
203,kiunga,-6.1219,141.2906,23.28,100,100,1.38,PG,1736703686
204,qaqortoq,60.7167,-46.0333,-1.16,95,100,1.09,GL,1736703688
205,gadzhiyevo,69.2551,33.3362,-7.58,82,89,10.02,RU,1736703689
206,monticello,45.3055,-93.7941,-7.48,84,100,7.2,US,1736703413
207,freetown,8.484,-13.2299,27.7,55,100,3.57,SL,1736703691
208,sharm el-sheikh,27.8518,34.305,20.08,52,0,3.09,EG,1736703692
209,nikolayevsk-on-amure,53.1406,140.73,-25.26,99,84,1.47,RU,1736703693
210,gbarnga,6.9956,-9.4722,31.41,29,54,1.07,LR,1736703694
211,grand falls-windsor,48.9332,-55.6649,-2.5,80,71,1.34,CA,1736703635
212,benghazi,32.1167,20.0667,17.43,60,2,6.5,LY,1736703697
213,chonchi,-42.6128,-73.8092,20.07,52,90,4.19,CL,1736703698
214,kavaratti,10.5669,72.642,27.36,74,12,3.93,IN,1736703700
215,jaumave,23.4167,-99.3833,27.2,32,89,6.14,MX,1736703701
216,kasimov,54.9411,41.3953,-1.87,91,100,3.85,RU,1736703702
217,manggar,-2.8833,108.2667,25.64,88,100,1.71,ID,1736703703
218,san antonio de pale,-1.4014,5.6325,26.17,80,100,3.57,GQ,1736703704
219,mosjoen,65.836,13.1908,1.29,93,40,2.68,NO,1736703705
220,puerto colombia,10.9878,-74.9547,32.05,66,12,8.51,CO,1736703707
221,ishinomaki,38.4167,141.3,3.83,89,100,4.05,JP,1736703708
222,alice springs,-23.7,133.8833,25.75,38,98,2.06,AU,1736703709
223,chipinge,-20.1883,32.6236,21.53,67,88,1.63,ZW,1736703710
224,banda aceh,5.5577,95.3222,24.69,93,100,5.12,ID,1736703692
225,borgarnes,64.5383,-21.9206,2.79,100,100,1.52,IS,1736703713
226,ghat,24.9647,10.1728,17.29,20,88,0.68,LY,1736703714
227,pandan,14.0453,124.1694,24.98,90,100,8.85,PH,1736703715
228,lospalos,-8.5186,127.0025,22.99,94,100,1.26,TL,1736703716
229,merizo village,13.2658,144.6691,26.34,88,41,6.62,GU,1736703717
230,smithers,54.7804,-127.1743,-2.82,100,100,2.06,CA,1736703718
231,colonia,50.9333,6.95,2.13,87,100,1.54,DE,1736703719
232,tra vinh,9.9347,106.3453,21.1,90,72,0.84,VN,1736703721
233,magadan,59.5667,150.8,-26.44,80,15,2.97,RU,1736703722
234,nabire,-3.3667,135.4833,24.19,93,100,1.26,ID,1736703723
235,as sulayyil,20.4607,45.5779,20.3,32,25,5.24,SA,1736703724
236,gondal,21.9667,70.8,18.91,39,0,5.98,IN,1736703725
237,saipan,15.1355,145.701,27.03,83,0,6.17,MP,1736703726
238,east london,-33.0153,27.9116,17.52,100,100,1.54,ZA,1736703727
239,pontian kechil,1.4866,103.3896,24.24,94,100,4.5,MY,1736703729
240,richards bay,-28.783,32.0377,24.31,72,100,4.49,ZA,1736703730
241,coromandel,-18.4733,-47.2003,27.52,59,26,2.24,BR,1736703731
242,axim,4.8699,-2.2405,27.96,73,37,4.12,GH,1736703732
243,hasaki,35.7333,140.8333,7.24,77,100,6.7,JP,1736703733
244,nagqu,31.5,92.0,-7.0,29,100,0.95,CN,1736703734
245,alaghsas,17.0187,8.0168,23.94,16,0,6.17,NE,1736703736
246,selfoss,63.9331,-20.9971,3.91,99,100,5.78,IS,1736703737
247,bismarck,46.8083,-100.7837,-16.4,70,0,7.72,US,1736703655
248,silver city,32.7701,-108.2803,3.15,34,1,1.79,US,1736703545
249,sitka,57.0531,-135.33,3.94,81,0,3.09,US,1736703741
250,khovd,48.0056,91.6419,-15.53,87,100,1.76,MN,1736703742
251,arkhangel'sk,64.5401,40.5433,-16.94,92,20,1.0,RU,1736703743
252,yarkovo,57.4028,67.0786,-7.13,93,92,3.6,RU,1736703744
253,kurara,25.9833,79.9833,13.71,65,0,2.75,IN,1736703745
254,hafnarfjordur,64.0671,-21.9377,3.93,93,100,4.63,IS,1736703746
255,bredasdorp,-34.5322,20.0403,17.82,70,100,6.03,ZA,1736703748
256,witbank,-25.8713,29.2332,18.95,81,99,2.52,ZA,1736703749
257,zhuanghe,39.7008,122.9911,-5.47,40,15,0.95,CN,1736703750
258,muisne,0.6,-80.0333,25.66,82,100,3.55,EC,1736703751
259,zharkent,44.1628,80.0,-8.71,77,1,1.4,KZ,1736703752
260,paracuru,-3.41,-39.0306,29.96,63,29,4.61,BR,1736703753
261,kernersville,36.1199,-80.0736,2.75,53,20,3.09,US,1736703542
262,gillette,44.2911,-105.5022,-6.5,87,100,5.66,US,1736703755
263,haparanda,65.8355,24.1368,-5.97,91,78,3.33,SE,1736703757
264,douentza,14.9951,-2.9517,24.48,15,100,2.62,ML,1736703758
265,santos reyes nopala,16.1092,-97.1561,22.65,54,75,1.71,MX,1736703759
266,carnarvon,-24.8667,113.6333,25.13,69,1,9.45,AU,1736703760
267,nuuk,64.1835,-51.7216,-9.66,67,0,12.86,GL,1736703761
268,wewak,-3.5534,143.6268,25.65,87,99,1.99,PG,1736703762
269,correntina,-13.3433,-44.6367,28.07,71,82,0.27,BR,1736703763
270,kingaroy,-26.5333,151.8333,17.59,95,68,1.22,AU,1736703765
271,remire-montjoly,4.9167,-52.2667,30.02,70,75,6.17,GF,1736703766
272,kassiri,8.9372,-13.1244,28.67,45,100,3.79,SL,1736703767
273,la foa,-21.7108,165.8276,23.09,73,17,1.56,NC,1736703768
274,thompson,55.7435,-97.8558,-21.91,77,75,3.6,CA,1736703769
275,harstad,68.799,16.5293,-1.03,97,100,3.64,NO,1736703770
276,george town,5.4112,100.3354,23.94,77,20,5.36,MY,1736703761
277,vila franca do campo,37.7167,-25.4333,18.27,99,80,2.82,PT,1736703773
278,puerto carreno,6.189,-67.4859,33.99,43,0,5.14,CO,1736703774
279,mirpur sakro,24.5474,67.6277,18.11,18,0,5.26,PK,1736703775
280,hungnam,39.8317,127.6186,-4.56,55,0,3.22,KP,1736703776
281,guerrero negro,27.9769,-114.0611,17.22,30,0,1.11,MX,1736703777
282,song cau,13.45,109.2167,17.72,80,94,6.01,VN,1736703778
283,santa maria da boa vista,-8.8078,-39.8256,25.24,75,99,4.78,BR,1736703780
284,nova sintra,14.8667,-24.7167,24.36,70,0,5.07,CV,1736703781
285,durban,-29.8579,31.0292,21.51,90,100,3.17,ZA,1736703519
286,broken hill,-31.95,141.4333,25.74,29,4,3.61,AU,1736703783
287,fale old settlement,-9.3852,-171.2468,28.06,76,98,8.22,TK,1736703784
288,ulaangom,49.9811,92.0667,-18.49,99,99,0.38,MN,1736703785
289,fada,7.25,4.0667,28.8,22,62,0.86,NG,1736703786
290,porto-vecchio,41.591,9.2795,8.81,37,0,2.57,FR,1736703787
291,rosso,16.4986,-15.8153,30.01,7,0,4.15,SN,1736703789
292,yinchuan,38.4681,106.2731,-2.53,40,0,1.85,CN,1736703790
293,tura,25.5198,90.2201,15.54,56,79,1.78,IN,1736703791
294,anadyr,64.75,177.4833,-22.78,76,75,12.0,RU,1736703792
295,mariinsk,56.2139,87.7472,-15.62,98,98,2.1,RU,1736703793
296,seaford,50.7714,0.1027,2.77,83,39,0.89,GB,1736703285
297,caleta de carquin,-11.0925,-77.6267,24.24,73,38,4.98,PE,1736703795
298,sacaba,20.5833,-89.9833,31.76,39,13,3.36,MX,1736703796
299,havre,49.5833,0.3333,0.87,93,37,0.0,FR,1736703798
300,nemuro,43.3236,145.575,-2.99,64,38,1.72,JP,1736703799
301,champerico,14.3,-91.9167,28.46,70,0,3.44,GT,1736703800
302,labuan bajo,-8.4964,119.8877,26.46,85,100,2.1,ID,1736703801
303,nova vicosa,-17.8919,-39.3719,27.5,72,34,5.18,BR,1736703802
304,kismayo,-0.3582,42.5454,24.63,84,86,7.01,SO,1736703804
305,krasnozerskoye,53.9828,79.2374,-19.66,100,100,1.43,RU,1736703805
306,greymouth,-42.4667,171.2,10.76,78,35,2.72,NZ,1736703806
307,dvurechensk,56.5982,61.0953,-1.79,96,47,1.73,RU,1736703807
308,tagta,41.6504,59.9164,-1.03,69,2,5.14,TM,1736703808
309,derzhavinsk,51.1,66.3167,-13.56,86,64,2.34,KZ,1736703809
310,balkanabat,39.5108,54.3671,10.05,37,100,0.27,TM,1736703810
311,hithadhoo,-0.6,73.0833,27.62,76,81,4.37,MV,1736703811
312,eraan,9.0629,117.7016,25.02,92,100,2.39,PH,1736703812
313,soure,-0.7167,-48.5233,27.32,84,80,4.76,BR,1736703814
314,ust'-ilimsk,58.0006,102.6619,-30.77,100,95,0.81,RU,1736703815
315,whitehorse,60.7161,-135.0538,1.43,69,75,8.75,CA,1736703724
316,talnakh,69.4865,88.3972,-23.04,96,100,4.63,RU,1736703817
317,erenhot,43.6475,111.9767,-11.7,89,70,4.43,CN,1736703818
318,wynyard,-41.0,145.7167,17.88,89,3,0.89,AU,1736703819
319,ambilobe,-13.2,49.05,23.78,96,99,0.9,MG,1736703820
320,shetpe,44.1667,52.1167,3.32,95,95,4.32,KZ,1736703821
321,sur,22.5667,59.5289,20.96,51,0,2.15,OM,1736703822
322,griffith,41.5284,-87.4237,-0.4,87,100,6.69,US,1736703824
323,katsuren-haebaru,26.3369,127.8719,13.71,50,75,4.12,JP,1736703825
324,tahoua,14.8888,5.2692,22.72,14,93,4.36,NE,1736703826
325,vilyuchinsk,52.9306,158.4028,-14.85,77,1,4.92,RU,1736703827
326,vadso,70.0744,29.7487,-2.91,80,40,14.4,NO,1736703828
327,mount pleasant,32.7941,-79.8626,9.36,51,0,1.54,US,1736703829
328,fort payne,34.4442,-85.7197,2.78,68,0,2.06,US,1736703831
329,happy valley-goose bay,53.3168,-60.3315,-2.83,68,100,5.66,CA,1736703832
330,crane,31.3974,-102.3501,8.95,42,1,4.54,US,1736703833
331,sinabang,2.4803,96.3801,25.61,85,98,0.46,ID,1736703834
332,goondiwindi,-28.55,150.3167,20.78,79,5,4.44,AU,1736703835
333,manicore,-5.8092,-61.3003,33.09,54,90,1.57,BR,1736703836
334,vicosa,-20.7539,-42.8819,24.68,80,84,2.07,BR,1736703837
335,wellington,-41.2866,174.7756,12.81,76,100,8.23,NZ,1736703588
336,kaa-khem,51.6833,94.7333,-20.56,94,94,1.94,RU,1736703840
337,richfield,44.8833,-93.283,-6.54,82,100,8.75,US,1736703841
338,hell-ville,-13.4,48.2667,27.85,77,100,7.65,MG,1736703842
339,hami,42.8,93.45,-5.98,70,22,0.59,CN,1736703843
340,portland,45.5234,-122.6762,5.3,96,75,1.79,US,1736703432
341,mount isa,-20.7333,139.5,30.87,40,88,2.57,AU,1736703846
342,tazacorte,28.629,-17.9293,21.19,68,75,4.63,ES,1736703847
343,kirakira,-10.4544,161.9205,25.98,87,22,2.43,SB,1736703848
344,nakskov,54.8373,11.1284,1.95,66,49,5.86,DK,1736703849
345,soloma,15.7167,-91.45,17.26,42,0,1.56,GT,1736703850
346,balpyk bi,44.8947,78.2083,-9.52,83,5,1.83,KZ,1736703852
347,hilo,19.7297,-155.09,19.58,99,40,2.06,US,1736703853
348,udachny,66.4167,112.4,-35.38,100,94,2.12,RU,1736703854
349,dryden,49.7833,-92.7503,-13.84,78,75,2.57,CA,1736703719
350,kuloy,61.0305,42.4925,-3.75,97,100,1.62,RU,1736703856
351,guitiriz,43.1817,-7.8966,6.67,83,79,1.35,ES,1736703857
352,nema,57.5067,50.5011,-7.12,91,100,3.31,RU,1736703858
353,chui,-33.6971,-53.4616,25.34,48,0,5.35,UY,1736703860
354,ola,59.5833,151.2833,-27.55,87,14,3.38,RU,1736703861
355,balykshi,47.0667,51.8667,-2.0,86,76,5.0,KZ,1736703862
356,betio village,1.358,172.9211,26.02,81,95,7.96,KI,1736703863
357,pangkalanbuun,-2.6833,111.6167,23.19,98,98,0.56,ID,1736703864
358,marataizes,-21.0433,-40.8244,25.19,76,18,4.37,BR,1736703594
359,laguna,38.421,-121.4238,8.89,55,0,2.57,US,1736703866
360,howrah,22.5892,88.3103,20.0,68,20,1.54,IN,1736703867
361,lima,-12.0432,-77.0282,23.14,69,0,4.63,PE,1736703800
362,zouerate,22.7187,-12.4521,22.47,10,4,4.16,MR,1736703870
363,egilsstadir,65.2653,-14.3948,5.95,87,100,7.72,IS,1736703871
364,isiro,2.7739,27.616,22.32,40,83,1.51,CD,1736703872
365,nadapuram,11.7,75.6667,23.48,87,74,1.57,IN,1736703873
366,huarmey,-10.0681,-78.1522,24.4,73,28,5.63,PE,1736703874
367,coquimbo,-29.9533,-71.3436,19.85,88,100,4.63,CL,1736703875
368,tolanaro,-25.0319,46.9987,29.04,70,0,9.26,MG,1736703876
369,nueva concepcion,14.2,-91.3,31.97,49,0,2.5,GT,1736703877
370,oltinko'l,40.8011,72.1634,0.22,52,0,2.46,UZ,1736703878
371,srandakan,-7.9386,110.2506,24.58,89,100,3.64,ID,1736703880
372,mathba,22.2855,89.9629,16.42,62,19,1.65,BD,1736703881
373,katsuura,35.1333,140.3,6.92,76,100,4.42,JP,1736703882
374,bakanas,44.8081,76.2772,-4.45,69,1,3.4,KZ,1736703883
375,sainte-luce,14.4673,-60.9271,27.33,64,11,4.57,MQ,1736703885
376,coari,-4.085,-63.1414,31.66,63,81,2.24,BR,1736703886
377,touros,-5.1989,-35.4608,27.89,68,99,4.47,BR,1736703887
378,butwal,27.7006,83.4484,14.9,65,16,2.55,NP,1736703888
379,pauini,-7.7136,-66.9764,30.71,64,100,1.7,BR,1736703889
380,cananeia,-25.0147,-47.9267,24.42,69,96,3.17,BR,1736703890
381,hashtrud,37.4779,47.0508,0.44,85,37,2.0,IR,1736703891
382,nantucket,41.2835,-70.0995,1.06,75,100,6.17,US,1736703892
383,kittila,67.6647,24.8936,-12.92,92,0,0.51,FI,1736703894
384,saint-louis,16.3333,-15.0,29.52,9,0,3.88,SN,1736703895
385,coaticook,45.1334,-71.7991,-6.63,83,99,2.33,CA,1736703896
386,umm kaddadah,13.6017,26.6876,16.87,25,0,5.48,SD,1736703897
387,kudahuvadhoo,2.6708,72.8944,27.45,74,54,1.96,MV,1736703898
388,carauari,-4.8828,-66.8958,29.24,78,99,1.21,BR,1736703899
389,bereket,39.2446,55.5154,8.57,41,100,3.25,TM,1736703900
390,turgen,43.4006,77.5933,-3.59,65,4,3.78,KZ,1736703901
391,nar'yan-mar,67.6713,53.087,-11.6,85,28,6.67,RU,1736703903
392,batticaloa,7.7102,81.6924,25.36,85,86,3.32,LK,1736703904
393,kailua-kona,19.6406,-155.9956,20.98,68,0,2.06,US,1736703905
394,buturlino,55.5667,44.8974,0.5,99,100,2.28,RU,1736703906
395,the pinery,39.4553,-104.7344,-2.02,48,10,1.34,US,1736703908
396,eforie sud,44.0229,28.6494,3.88,75,100,4.19,RO,1736703909
397,la condamine,43.7344,7.4202,10.88,61,0,3.6,MC,1736703910
398,coahuayana de hidalgo,18.7,-103.6583,26.97,65,100,2.09,MX,1736703911
399,fortaleza,-3.7227,-38.5247,31.07,66,40,5.66,BR,1736703689
400,queenstown,-31.8976,26.8753,15.51,91,72,5.7,ZA,1736703913
401,la libertad,-2.2333,-80.9,28.81,74,40,2.57,EC,1736703914
402,jining,35.405,116.5814,-0.82,44,0,3.35,CN,1736703915
403,ain taya,36.7933,3.2869,11.91,62,40,4.63,DZ,1736703916
404,dalandzadgad,43.5708,104.425,-8.49,49,77,2.77,MN,1736703918
405,agat village,13.3886,144.6585,26.54,87,100,5.14,GU,1736703919
406,isola di capo rizzuto,38.96,17.0933,6.41,87,75,8.23,IT,1736703920
407,sinop,41.7711,34.8709,7.52,83,100,5.9,TR,1736703921
408,sabang,5.8933,95.3214,26.69,84,100,8.26,ID,1736703922
409,dolinsk,47.35,142.8,-11.22,94,22,3.09,RU,1736703924
410,madalena,41.2162,-8.3345,12.19,82,88,0.79,PT,1736703925
411,atbasar,51.8,68.3333,-17.73,93,12,1.77,KZ,1736703926
412,las palmas de gran canaria,28.0997,-15.4134,19.97,68,20,9.77,ES,1736703772
413,luau,-10.7073,22.2247,20.13,89,100,1.47,AO,1736703928
414,tshikapa,-6.4167,20.8,25.59,65,36,0.48,CD,1736703929
415,nuzvid,16.7833,80.85,17.78,93,67,2.25,IN,1736703930
416,buala,-8.145,159.5921,26.45,83,56,2.09,SB,1736703932
417,vila velha,-20.3297,-40.2925,26.08,81,20,6.69,BR,1736703933
418,cabo san lucas,22.8909,-109.9124,21.02,50,0,4.02,MX,1736703655
419,las tablas,7.7667,-80.2833,29.05,68,46,4.6,PA,1736703935
420,tobelo,1.7284,128.0095,26.89,80,95,1.17,ID,1736703936
421,miyazaki,31.9111,131.4239,2.97,65,3,5.14,JP,1736703938
422,callao,-12.0667,-77.15,24.16,69,0,4.63,PE,1736703939
423,flying fish cove,-10.4217,105.6791,25.82,94,98,2.57,CX,1736703940
424,kayalpattinam,8.5667,78.1167,25.13,83,99,5.06,IN,1736703941
425,maragogi,-9.0122,-35.2225,25.25,82,100,3.28,BR,1736703943
426,alotau,-10.3069,150.4462,25.37,90,90,2.13,PG,1736703944
427,karak,31.1667,35.75,10.46,48,0,3.6,JO,1736703945
428,presidente medici,-11.1753,-61.9014,31.4,62,100,1.79,BR,1736703946
429,tullibody,56.1352,-3.8361,2.75,98,100,1.97,GB,1736703947
430,estreito,-5.7833,-43.25,24.64,92,100,1.68,BR,1736703948
431,jieyang,23.5289,116.3642,7.0,64,0,1.03,CN,1736703949
432,zarzis,33.504,11.1122,15.43,53,49,5.28,TN,1736703951
433,independence,39.0911,-94.4155,2.17,67,100,3.6,US,1736703783
434,palmas,-10.2128,-48.3603,26.93,83,40,2.06,BR,1736703453
435,tambacounda,13.7539,-13.7586,35.03,20,0,3.09,SN,1736703954
436,yartsevo,55.0667,32.6964,-1.99,90,100,0.37,RU,1736703956
437,yatou,37.15,122.3833,-4.98,74,3,1.26,CN,1736703957
438,fort bragg,35.139,-79.006,5.61,40,0,1.79,US,1736703958
439,mbekenyera,-10.0,38.9833,23.17,92,100,1.74,TZ,1736703959
440,kone,-21.0595,164.8658,22.61,84,77,1.39,NC,1736703961
441,canitas de felipe pescador,23.6,-102.7167,15.58,17,97,8.82,MX,1736703962
442,hachinohe,40.5,141.5,-0.44,89,64,1.92,JP,1736703963
443,akureyri,65.6835,-18.0878,2.96,87,40,2.06,IS,1736703964
444,robore,-18.3333,-59.75,30.05,66,75,2.06,BO,1736703965
445,poli,-3.3333,36.8,18.29,78,89,0.58,TZ,1736703966
446,costa rica,-23.4167,-54.65,34.89,24,23,3.0,BR,1736703466
447,tosno,59.54,30.8775,-4.73,94,100,2.92,RU,1736703969
448,carora,10.1755,-70.0827,32.75,31,2,1.25,VE,1736703970
449,berastagi,3.1929,98.5092,16.25,100,100,1.02,ID,1736703971
450,charxin,39.6967,66.7686,1.11,64,0,3.09,UZ,1736703972
451,urussu,54.5981,53.4631,-14.62,92,35,2.1,RU,1736703973
452,anaconda,46.1285,-112.9423,-4.76,80,36,1.95,US,1736703974
453,shingu,33.7333,135.9833,3.0,62,67,4.6,JP,1736703975
454,al burayqah,30.4062,19.5739,18.42,37,0,4.62,LY,1736703977
455,rialma,-15.315,-49.5844,27.18,73,100,0.71,BR,1736703978
456,cidreira,-30.1811,-50.2056,23.36,63,33,4.77,BR,1736703979
457,kiruna,67.8557,20.2251,-9.49,92,20,3.09,SE,1736703980
458,vernon,50.2581,-119.2691,2.26,80,92,1.03,CA,1736703981
459,urangan,-25.3,152.9,22.67,88,99,3.72,AU,1736703983
460,zyrya,40.3661,50.2917,7.05,88,14,4.01,AZ,1736703984
461,cockburn town,21.4612,-71.1419,25.98,78,20,2.06,TC,1736703985
462,tabou,4.423,-7.3528,28.0,71,58,3.99,CI,1736703986
463,kuldiga,56.974,21.9572,-2.74,76,49,4.53,LV,1736703988
464,malanje,-9.5402,16.341,19.61,93,89,1.33,AO,1736703989
465,livingstonia,-10.606,34.1063,19.85,75,95,1.68,MW,1736703990
466,tonala,20.6167,-103.2333,20.51,43,40,1.03,MX,1736703991
467,sandnessjoen,66.0217,12.6316,4.06,81,75,6.69,NO,1736703992
468,al kharijah,25.4514,30.5464,15.9,49,0,3.48,EG,1736703993
469,tharyarwady,17.65,95.8,19.93,62,1,2.43,MM,1736703994
470,auki,-8.7676,160.7034,25.2,89,70,2.08,SB,1736703995
471,garissa,-0.4536,39.6401,31.53,37,93,3.82,KE,1736703996
472,pitimbu,-7.4706,-34.8086,26.7,73,100,2.56,BR,1736703997
473,pueblo nuevo,23.3833,-105.3833,9.08,36,100,1.81,MX,1736703999
474,galliano,29.4422,-90.2992,10.7,79,87,4.26,US,1736704000
475,masjed soleyman,31.9364,49.3039,13.93,72,28,1.95,IR,1736704001
476,ruza,55.699,36.1952,-3.98,98,28,1.4,RU,1736704002
477,flekkefjord,58.2971,6.6607,-8.73,95,29,2.28,NO,1736704003
478,kodinsk,58.6881,99.1844,-32.23,100,66,0.5,RU,1736704004
479,svit,49.0601,20.2069,-2.12,74,75,4.63,SK,1736704005
480,westport,41.1415,-73.3579,3.84,55,0,6.17,US,1736703754
481,majene,-3.5403,118.9707,24.12,89,100,3.09,ID,1736704007
482,lubao,14.9167,120.55,24.84,76,100,4.58,PH,1736704009
483,watertown,42.3709,-71.1828,1.37,58,0,6.17,US,1736704010
484,changping,40.2186,116.2197,-2.27,31,87,1.37,CN,1736704011
485,terespol,52.0755,23.6161,-0.98,97,98,2.44,PL,1736704012
486,ormara,25.2088,64.6357,22.3,42,1,0.34,PK,1736704013
487,sandanski,41.5667,23.2833,1.17,94,100,2.53,BG,1736704014
488,bamboo flat,11.7,92.7167,25.53,73,36,5.89,IN,1736704015
489,mahibadhoo,3.7833,72.9667,27.16,80,86,2.98,MV,1736704017
490,bude,50.8243,-4.5413,6.23,90,75,5.39,GB,1736703978
491,tralee,52.2704,-9.7026,12.14,94,75,6.69,IE,1736704019
492,lauro muller,-28.3928,-49.3967,25.31,55,20,3.34,BR,1736704020
493,dayrut,27.556,30.8076,16.33,48,0,2.59,EG,1736704021
494,zinjibar,13.1287,45.3807,24.31,68,44,4.82,YE,1736704022
495,narimanov,46.6927,47.8498,1.59,59,75,1.98,RU,1736704023
496,sao jose da coroa grande,-8.8978,-35.1478,25.35,82,100,3.07,BR,1736704024
497,quellon,-43.1167,-73.6167,16.11,62,96,4.73,CL,1736704026
498,brisas de zicatela,15.8369,-97.0419,26.29,83,100,3.6,MX,1736704027
499,thames,-37.1333,175.5333,9.95,83,5,1.33,NZ,1736704028
500,nieuw amsterdam,5.8833,-55.0833,29.2,59,88,5.89,SR,1736704029
501,korsakov,46.6328,142.7813,-7.09,92,50,2.03,RU,1736704030
502,nouadhibou,20.931,-17.0347,27.99,20,1,1.54,MR,1736704031
503,abeche,13.8292,20.8324,22.43,14,4,3.81,TD,1736704032
504,kisangani,0.5167,25.2,28.2,83,40,2.06,CD,1736704033
505,xilin hot,43.9667,116.0333,-12.01,95,100,2.85,CN,1736704035
506,namibe,-15.1961,12.1522,21.67,79,94,2.88,AO,1736704036
507,plouzane,48.3833,-4.6167,3.1,75,0,4.12,FR,1736704037
508,san borja,-14.8167,-66.85,21.66,98,100,1.48,BO,1736704038
509,west hattiesburg,31.3191,-89.3751,6.72,78,75,2.57,US,1736704039
510,trincomalee,8.5711,81.2335,26.52,81,81,5.45,LK,1736703971
511,hammerfest,70.6634,23.6821,-2.75,86,100,9.26,NO,1736704041
512,bulawayo,-20.15,28.5833,21.74,76,91,1.87,ZW,1736704043
513,san vicente,-26.6167,-54.1333,33.93,23,0,2.21,AR,1736703846
514,puerto real,36.5282,-6.1901,16.4,67,0,4.63,ES,1736704045
515,kununurra,-15.7667,128.7333,27.99,83,100,0.0,AU,1736704046
516,belek,36.8628,31.0556,13.06,78,75,4.85,TR,1736704047
517,i-n-salah,27.1935,2.4607,19.28,30,43,1.67,DZ,1736704048
518,antsiranana,-12.2787,49.2917,24.55,91,89,3.48,MG,1736704050
519,turpan,42.9333,89.1667,-4.66,68,2,0.24,CN,1736704051
520,haiku-pauwela,20.9219,-156.3051,19.74,88,20,4.92,US,1736704053
521,dieppe,49.75,1.1667,-1.1,94,45,1.39,FR,1736704054
522,shushtar,32.0455,48.8567,15.01,63,29,3.1,IR,1736704055
523,igrim,63.1906,64.4162,0.85,94,100,5.41,RU,1736704056
524,warman,52.3168,-106.5679,-25.62,75,20,5.14,CA,1736704057
525,zhigalovo,54.8097,105.1578,-11.08,91,100,2.9,RU,1736704059
526,macas,-2.3167,-78.1167,26.86,61,75,3.09,EC,1736703916
527,boguchany,58.3814,97.4531,-27.88,100,82,0.45,RU,1736704061
528,dompu,-8.5356,118.4622,24.28,95,100,0.93,ID,1736704062
529,gamba,-2.65,10.0,25.57,86,84,2.47,GA,1736704063
530,pamandzi,-12.7967,45.2794,27.88,78,75,11.83,YT,1736704064
531,ouesso,1.6136,16.0517,28.35,30,92,0.21,CG,1736704065
532,tevriz,57.509,72.4042,-13.26,98,89,1.89,RU,1736704066
533,necochea,-38.5473,-58.7368,30.94,38,58,4.82,AR,1736703901
534,khash,28.2211,61.2158,9.92,20,100,1.16,IR,1736704069
535,vilyuysk,63.7553,121.6247,-23.9,98,100,2.7,RU,1736704070
536,manokwari,-0.8667,134.0833,26.07,80,100,2.15,ID,1736704071
537,awjilah,29.1081,21.2869,16.72,32,0,4.85,LY,1736704073
538,acarau,-2.8856,-40.12,30.2,62,25,6.33,BR,1736703811
539,salinopolis,-0.6136,-47.3561,27.04,87,67,5.02,BR,1736704075
540,kegeyli shahar,42.7767,59.6078,2.18,42,2,3.68,UZ,1736704076
541,atamanovka,51.93,113.63,-28.76,99,100,1.19,RU,1736704077
542,shenjiamen,29.9576,122.298,6.45,50,0,0.44,CN,1736704078
543,mermoz boabab,14.7065,-17.4758,23.88,57,0,5.14,SN,1736704080
544,keetmanshoop,-26.5833,18.1333,32.19,10,0,6.23,NA,1736704081
545,makushino,55.2103,67.2442,-12.26,96,90,3.16,RU,1736704082
546,santa rosa del sara,-17.1092,-63.5989,21.29,91,99,1.11,BO,1736704083
547,al jawf,29.5,38.75,12.02,55,0,2.93,SA,1736704084
548,oamaru,-45.0784,170.9801,9.65,81,49,1.33,NZ,1736704085
549,narvik,68.4384,17.4272,2.11,100,100,2.79,NO,1736704086
550,tromso,69.6496,18.957,-0.99,86,100,4.63,NO,1736704088
551,labrador city,52.9463,-66.9114,-8.23,69,20,2.06,CA,1736703912
552,ust-tsilma,65.441,52.1498,-18.75,100,99,1.57,RU,1736704090
553,harper,4.375,-7.7169,27.92,72,30,4.17,LR,1736704091
554,minas de marcona,-15.2119,-75.1103,22.52,58,52,6.43,PE,1736704092
555,muscat,23.6139,58.5922,20.16,51,0,3.84,OM,1736704010
556,malindi,-3.2175,40.1191,28.09,74,40,5.14,KE,1736704094
557,sassari,40.7272,8.5603,7.88,58,81,9.47,IT,1736704096
558,kerteminde,55.449,10.6577,2.16,70,45,5.16,DK,1736704097
559,sydney,-33.8679,151.2073,21.03,83,29,0.89,AU,1736703258
560,nyurba,63.2842,118.3319,-23.98,97,100,2.82,RU,1736704019
561,bayganin,48.6947,55.8742,-6.53,81,41,5.76,KZ,1736704100
562,meizhou,24.2977,116.1072,5.24,34,0,0.9,CN,1736703939
563,bireun,5.203,96.7009,23.99,95,99,3.25,ID,1736704102
564,embi,48.8264,58.1442,-9.33,84,4,2.97,KZ,1736704103
565,narrabri,-30.3167,149.7833,20.29,88,33,0.89,AU,1736704104
566,serdar,38.9764,56.2757,8.34,41,100,1.94,TM,1736704106
